Machine,Timestamp,Part_Number,Revision,Date_YYMMDD,Time_HHMMSS,Parts_Counter,Last_Part_Time_Seconds,Raw_Data
Machine1,2025-12-03 15:11:19,“265-4183”,“X2”,251203,151119,,,"%
O03020
G103 P1 (LIMIT LOOKAHEAD)
(DPRNTS ALL TEXT, A PART NUMBER)
DPRNT[ PART NUMBER: “265-4183”, REV. “X2”]
(SIMPLE DATE AND TIME)
DPRNT[ DATE YYMMDD: 251203]
DPRNT[ TIME HHMMSS: 151119]

(DPRNT BLANK LINE)
DPRNT[]
DPRNT[ End of Cycle]
G103 (RETURN TO NORMAL LOOKAHEAD)
M30
%
"
Machine1,2025-12-03 15:11:24,“265-4183”,“X2”,251203,151124,,,"%
O03020
G103 P1 (LIMIT LOOKAHEAD)
(DPRNTS ALL TEXT, A PART NUMBER)
DPRNT[ PART NUMBER: “265-4183”, REV. “X2”]
(SIMPLE DATE AND TIME)
DPRNT[ DATE YYMMDD: 251203]
DPRNT[ TIME HHMMSS: 151124]

(DPRNT BLANK LINE)
DPRNT[]
DPRNT[ End of Cycle]
G103 (RETURN TO NORMAL LOOKAHEAD)
M30
%
"
Machine1,2025-12-03 15:11:26,“265-4183”,“X2”,251203,151126,,,"%
O03020
G103 P1 (LIMIT LOOKAHEAD)
(DPRNTS ALL TEXT, A PART NUMBER)
DPRNT[ PART NUMBER: “265-4183”, REV. “X2”]
(SIMPLE DATE AND TIME)
DPRNT[ DATE YYMMDD: 251203]
DPRNT[ TIME HHMMSS: 151126]

(DPRNT BLANK LINE)
DPRNT[]
DPRNT[ End of Cycle]
G103 (RETURN TO NORMAL LOOKAHEAD)
M30
%
"
Machine1,2025-12-03 15:11:29,“265-4183”,“X2”,251203,151129,,,"%
O03020
G103 P1 (LIMIT LOOKAHEAD)
(DPRNTS ALL TEXT, A PART NUMBER)
DPRNT[ PART NUMBER: “265-4183”, REV. “X2”]
(SIMPLE DATE AND TIME)
DPRNT[ DATE YYMMDD: 251203]
DPRNT[ TIME HHMMSS: 151129]

(DPRNT BLANK LINE)
DPRNT[]
DPRNT[ End of Cycle]
G103 (RETURN TO NORMAL LOOKAHEAD)
M30
%
"
Machine1,2025-12-03 15:11:31,“265-4183”,“X2”,251203,151131,,,"%
O03020
G103 P1 (LIMIT LOOKAHEAD)
(DPRNTS ALL TEXT, A PART NUMBER)
DPRNT[ PART NUMBER: “265-4183”, REV. “X2”]
(SIMPLE DATE AND TIME)
DPRNT[ DATE YYMMDD: 251203]
DPRNT[ TIME HHMMSS: 151131]

(DPRNT BLANK LINE)
DPRNT[]
DPRNT[ End of Cycle]
G103 (RETURN TO NORMAL LOOKAHEAD)
M30
%
"
Machine1,2025-12-04 10:50:03,“265-4183”,“X2”,251204,105003,,
